state,sales_2022,sales_2024,CAGR
Meghalaya,22193,36628,28.469074717044762
Goa,48372,78524,27.41019637797184
Karnataka,1007894,1581988,25.283582187477993
Delhi,401540,606348,22.884347388479842
Rajasthan,880985,1300476,21.497380306494197
Gujarat,1094872,1590987,20.54567713183961
Assam,379450,547626,20.133671761039995
Mizoram,19439,27422,18.77159900880163
Arunachal Pradesh,19929,27892,18.303358703868543
Andaman & Nicobar,5148,7203,18.287114648390567
